Model,MSE,RMSE,MAE
SimpleRNN,280.6308739279319,16.75204088843899,10.921134148654746
LSTM,537.0658000245292,23.174680149346813,16.569760148859576
